scale_factor,query,run,seconds,status
1,1,1,0.658,ok
1,2,1,0.105,ok
1,3,1,0.218,ok
1,4,1,0.054,ok
1,5,1,0.116,ok
1,6,1,0.114,ok
1,7,1,0.333,ok
1,8,1,0.080,ok
1,9,1,0.489,ok
1,10,1,0.109,ok
1,11,1,0.044,ok
1,12,1,0.146,ok
1,13,1,0.426,ok
1,14,1,0.048,ok
1,15,1,0.253,ok
1,16,1,0.121,ok
1,17,1,0.314,ok
1,18,1,1.730,ok
1,19,1,0.024,ok
1,20,1,0.301,ok
1,21,1,0.283,ok
1,22,1,0.031,ok
1,1,2,0.679,ok
1,2,2,0.105,ok
1,3,2,0.198,ok
1,4,2,0.054,ok
1,5,2,0.116,ok
1,6,2,0.111,ok
1,7,2,0.338,ok
1,8,2,0.072,ok
1,9,2,0.483,ok
1,10,2,0.108,ok
1,11,2,0.046,ok
1,12,2,0.146,ok
1,13,2,0.438,ok
1,14,2,0.048,ok
1,15,2,0.230,ok
1,16,2,0.121,ok
1,17,2,0.315,ok
1,18,2,1.728,ok
1,19,2,0.025,ok
1,20,2,0.301,ok
1,21,2,0.281,ok
1,22,2,0.031,ok
1,1,3,0.658,ok
1,2,3,0.104,ok
1,3,3,0.199,ok
1,4,3,0.055,ok
1,5,3,0.117,ok
1,6,3,0.112,ok
1,7,3,0.339,ok
1,8,3,0.072,ok
1,9,3,0.480,ok
1,10,3,0.109,ok
1,11,3,0.044,ok
1,12,3,0.146,ok
1,13,3,0.459,ok
1,14,3,0.048,ok
1,15,3,0.228,ok
1,16,3,0.122,ok
1,17,3,0.313,ok
1,18,3,1.730,ok
1,19,3,0.024,ok
1,20,3,0.298,ok
1,21,3,0.276,ok
1,22,3,0.031,ok
2,1,1,1.337,ok
2,2,1,0.225,ok
2,3,1,0.638,ok
2,4,1,0.117,ok
2,5,1,0.268,ok
2,6,1,0.244,ok
2,7,1,0.780,ok
2,8,1,0.165,ok
2,9,1,1.059,ok
2,10,1,0.265,ok
2,11,1,0.094,ok
2,12,1,0.311,ok
2,13,1,1.155,ok
2,14,1,0.094,ok
2,15,1,0.520,ok
2,16,1,0.212,ok
2,17,1,0.757,ok
2,18,1,3.953,ok
2,19,1,0.044,ok
2,20,1,0.632,ok
2,21,1,0.578,ok
2,22,1,0.058,ok
2,1,2,1.337,ok
2,2,2,0.213,ok
2,3,2,0.402,ok
2,4,2,0.099,ok
2,5,2,0.249,ok
2,6,2,0.231,ok
2,7,2,0.776,ok
2,8,2,0.150,ok
2,9,2,1.035,ok
2,10,2,0.262,ok
2,11,2,0.096,ok
2,12,2,0.310,ok
2,13,2,1.139,ok
2,14,2,0.094,ok
2,15,2,0.524,ok
2,16,2,0.213,ok
2,17,2,0.749,ok
2,18,2,3.961,ok
2,19,2,0.044,ok
2,20,2,0.613,ok
2,21,2,0.586,ok
2,22,2,0.058,ok
2,1,3,1.338,ok
2,2,3,0.212,ok
2,3,3,0.406,ok
2,4,3,0.101,ok
2,5,3,0.248,ok
2,6,3,0.233,ok
2,7,3,0.775,ok
2,8,3,0.151,ok
2,9,3,1.047,ok
2,10,3,0.263,ok
2,11,3,0.095,ok
2,12,3,0.310,ok
2,13,3,1.138,ok
2,14,3,0.096,ok
2,15,3,0.517,ok
2,16,3,0.213,ok
2,17,3,0.750,ok
2,18,3,3.962,ok
2,19,3,0.044,ok
2,20,3,0.610,ok
2,21,3,0.580,ok
2,22,3,0.058,ok
4,1,1,2.702,ok
4,2,1,0.514,ok
4,3,1,1.082,ok
4,4,1,0.258,ok
4,5,1,0.500,ok
4,6,1,0.630,ok
4,7,1,3.749,ok
4,8,1,0.402,ok
4,9,1,2.871,ok
4,10,1,0.618,ok
4,11,1,0.392,ok
4,12,1,0.803,ok
4,13,1,3.793,ok
4,14,1,0.250,ok
4,15,1,1.639,ok
4,16,1,0.424,ok
4,17,1,2.070,ok
4,18,1,11.182,ok
4,19,1,0.080,ok
4,20,1,1.454,ok
4,21,1,1.941,ok
4,22,1,0.104,ok
4,1,2,2.723,ok
4,2,2,0.765,ok
4,3,2,1.044,ok
4,4,2,0.251,ok
4,5,2,0.556,ok
4,6,2,0.578,ok
4,7,2,2.791,ok
4,8,2,0.308,ok
4,9,2,2.332,ok
4,10,2,0.575,ok
4,11,2,0.346,ok
4,12,2,0.651,ok
4,13,2,2.967,ok
4,14,2,0.232,ok
4,15,2,1.417,ok
4,16,2,0.391,ok
4,17,2,1.779,ok
4,18,2,10.001,ok
4,19,2,0.079,ok
4,20,2,1.428,ok
4,21,2,1.929,ok
4,22,2,0.105,ok
4,1,3,2.686,ok
4,2,3,0.706,ok
4,3,3,1.014,ok
4,4,3,0.253,ok
4,5,3,0.563,ok
4,6,3,0.577,ok
4,7,3,2.666,ok
4,8,3,0.310,ok
4,9,3,2.349,ok
4,10,3,0.596,ok
4,11,3,0.348,ok
4,12,3,0.651,ok
4,13,3,2.989,ok
4,14,3,0.235,ok
4,15,3,1.424,ok
4,16,3,0.390,ok
4,17,3,1.781,ok
4,18,3,10.142,ok
4,19,3,0.079,ok
4,20,3,1.421,ok
4,21,3,1.940,ok
4,22,3,0.105,ok
8,1,1,5.294,ok
8,2,1,1.478,ok
8,3,1,2.103,ok
8,4,1,0.554,ok
8,5,1,0.990,ok
8,6,1,1.418,ok
8,7,1,4.316,ok
8,8,1,0.668,ok
8,9,1,5.267,ok
8,10,1,1.085,ok
8,11,1,0.623,ok
8,12,1,1.281,ok
8,13,1,6.606,ok
8,14,1,0.511,ok
8,15,1,4.026,ok
8,16,1,0.746,ok
8,17,1,3.624,ok
8,18,1,11.887,ok
8,19,1,0.125,ok
8,20,1,2.996,ok
8,21,1,2.350,ok
8,22,1,0.175,ok
8,1,2,5.349,ok
8,2,2,1.589,ok
8,3,2,1.925,ok
8,4,2,0.535,ok
8,5,2,0.935,ok
8,6,2,1.300,ok
8,7,2,3.813,ok
8,8,2,0.626,ok
8,9,2,5.023,ok
8,10,2,1.052,ok
8,11,2,0.630,ok
8,12,2,1.283,ok
8,13,2,6.600,ok
8,14,2,0.514,ok
8,15,2,4.036,ok
8,16,2,0.746,ok
8,17,2,3.636,ok
8,18,2,11.897,ok
8,19,2,0.127,ok
8,20,2,2.999,ok
8,21,2,2.357,ok
8,22,2,0.171,ok
8,1,3,5.349,ok
8,2,3,1.576,ok
8,3,3,1.938,ok
8,4,3,0.535,ok
8,5,3,0.938,ok
8,6,3,1.300,ok
8,7,3,3.812,ok
8,8,3,0.625,ok
8,9,3,5.010,ok
8,10,3,1.049,ok
8,11,3,0.620,ok
8,12,3,1.282,ok
8,13,3,6.590,ok
8,14,3,0.509,ok
8,15,3,4.062,ok
8,16,3,0.743,ok
8,17,3,3.637,ok
8,18,3,11.870,ok
8,19,3,0.128,ok
8,20,3,2.994,ok
8,21,3,2.356,ok
8,22,3,0.172,ok
16,1,1,10.788,ok
16,2,1,7.372,ok
16,3,1,2.966,ok
16,4,1,1.517,ok
16,5,1,1.950,ok
16,6,1,3.167,ok
16,7,1,7.218,ok
16,8,1,2.385,ok
16,9,1,11.963,ok
16,10,1,2.417,ok
16,11,1,1.310,ok
16,12,1,2.616,ok
16,13,1,15.480,ok
16,14,1,1.147,ok
16,15,1,9.001,ok
16,16,1,1.443,ok
16,17,1,7.431,ok
16,18,1,26.083,ok
16,19,1,0.269,ok
16,20,1,13.507,ok
16,21,1,5.314,ok
16,22,1,0.338,ok
16,1,2,10.634,ok
16,2,2,3.083,ok
16,3,2,2.557,ok
16,4,2,1.278,ok
16,5,2,1.688,ok
16,6,2,2.788,ok
16,7,2,6.326,ok
16,8,2,1.900,ok
16,9,2,10.931,ok
16,10,2,2.320,ok
16,11,2,1.213,ok
16,12,2,2.563,ok
16,13,2,14.068,ok
16,14,2,1.069,ok
16,15,2,8.180,ok
16,16,2,1.409,ok
16,17,2,7.407,ok
16,18,2,26.194,ok
16,19,2,0.264,ok
16,20,2,13.648,ok
16,21,2,5.340,ok
16,22,2,0.335,ok
16,1,3,10.635,ok
16,2,3,3.103,ok
16,3,3,2.561,ok
16,4,3,1.284,ok
16,5,3,1.679,ok
16,6,3,2.804,ok
16,7,3,6.330,ok
16,8,3,1.893,ok
16,9,3,10.937,ok
16,10,3,2.329,ok
16,11,3,1.217,ok
16,12,3,2.563,ok
16,13,3,14.075,ok
16,14,3,1.065,ok
16,15,3,8.182,ok
16,16,3,1.417,ok
16,17,3,7.412,ok
16,18,3,26.089,ok
16,19,3,0.264,ok
16,20,3,13.490,ok
16,21,3,5.306,ok
16,22,3,0.330,ok
32,1,1,21.100,ok
32,2,1,12.339,ok
32,3,1,5.571,ok
32,4,1,2.611,ok
32,5,1,6.449,ok
32,6,1,2.839,ok
32,7,1,17.067,ok
32,8,1,3.748,ok
32,9,1,22.141,ok
32,10,1,6.641,ok
32,11,1,2.424,ok
32,12,1,5.129,ok
32,13,1,62.880,ok
32,14,1,2.184,ok
32,15,1,8.603,ok
32,16,1,10.055,ok
32,17,1,14.992,ok
32,18,1,56.969,ok
32,19,1,0.912,ok
32,20,1,34.856,ok
32,21,1,9.911,ok
32,22,1,0.671,ok
32,1,2,21.205,ok
32,2,2,6.880,ok
32,3,2,5.414,ok
32,4,2,2.482,ok
32,5,2,6.464,ok
32,6,2,2.848,ok
32,7,2,15.762,ok
32,8,2,3.710,ok
32,9,2,22.233,ok
32,10,2,6.630,ok
32,11,2,2.428,ok
32,12,2,5.125,ok
32,13,2,62.829,ok
32,14,2,2.189,ok
32,15,2,8.628,ok
32,16,2,9.999,ok
32,17,2,15.237,ok
32,18,2,56.538,ok
32,19,2,1.513,ok
32,20,2,54.627,ok
32,21,2,10.264,ok
32,22,2,0.655,ok
32,1,3,21.206,ok
32,2,3,6.863,ok
32,3,3,5.459,ok
32,4,3,2.491,ok
32,5,3,6.475,ok
32,6,3,2.855,ok
32,7,3,15.759,ok
32,8,3,3.736,ok
32,9,3,22.182,ok
32,10,3,6.651,ok
32,11,3,2.434,ok
32,12,3,5.150,ok
32,13,3,62.926,ok
32,14,3,2.166,ok
32,15,3,8.593,ok
32,16,3,10.006,ok
32,17,3,15.071,ok
32,18,3,56.139,ok
32,19,3,0.649,ok
32,20,3,28.505,ok
32,21,3,11.049,ok
32,22,3,0.661,ok
